,review,processed_text
0,Pattaya for eat,[]
1,ที่นี่ติดชายหาดเลย มีบาร์ให้นั่งกินอาหารมองเห็น วิวทะเลยามเย็น ที่นี่ขายของราคาถูกมาก อาหารน่ากินทุกอย่างเลย จากที่พักของเราเดินไป50เมตร,"['ติด', 'ชาย', 'หาด', 'บาร์', 'นั่ง', 'กิน', 'อาหาร', 'วิวทะเล', 'ยามเย็น', 'ขาย', 'ราคา', 'อาหาร', 'กิน', 'พัก', 'เดิน', 'เมตร']"
2,E,[]
3,"ที่นี่ถ้า5ทุ่มเป๊ะปิดเลย แถมยามยังมาไล่แบบกินเร็วๆ ปิดแล้ว
คือเรามานั่งกินใกล้จะหมดละหล่ะ แต่แบบมาสองรอบแบบแค่เวลาเดินไปยังไม่ถึง1นาทีเดินกลับมาไล่อีกรอบ
ห่วยมาก","['ทุ่มเป๊ะ', 'แถม', 'ยาม', 'ไล่', 'กิน', 'นั่ง', 'กิน', 'หล่ะ', 'สอง', 'รอบ', 'เวลา', 'เดิน', 'นาที', 'เดิน', 'ไล่', 'ห่วย']"
4,ตลาดกลางคืน ริมชายหาด สินค้าหลากหลาย,"['ตลาด', 'กลาง', 'คืน', 'ริม', 'ชายหาด', 'สินค้า', 'หลากหลาย']"
5,ตลาดกลางคืนริมถนนเลียบชายหาดจอมเทียน มีของกินของใช้ เสื้อผ้า ให้เลือกซื้อมากมาย อาหารทะเลสด อร่อย ราคาถูก มีบาร์บริการเครื่องดื่ม ช่วงเย็นถึงค่ำนักท่องเที่ยวเยอะ มีที่จอดรถด้านหลังตลาด,"['ตลาด', 'กลาง', 'คืน', 'ริม', 'ถนน', 'เลียบ', 'ชาย', 'หาดจอมเทียน', 'กิน', 'เสื้อผ้า', 'เลือก', 'ซื้อ', 'อาหาร', 'ทะเลสด', 'อร่อย', 'ราคา', 'บาร์', 'บริการ', 'เครื่อง', 'ดื่ม', 'เย็น', 'ค่ำ', 'ท่องเที่ยว', 'จอด', 'รถ', 'ตลาด']"
6,ถนนอาหารหลากหลาย ราคาไม่แพง เป็นถนนสำหรับเดินกลางคืนที่น่าสนใจ,"['ถนนอาหาร', 'หลากหลาย', 'ราคา', 'แพง', 'ถนน', 'สำหรับ', 'เดิน', 'กลาง', 'คืน', 'สนใจ']"
7,Street Food Jomtien beach แหล่งรวมอาหารที่หลากหลาย ราคาไม่แพง มีที่นั่งกินอาหารอยู่ด้านหน้าตลาด และมีดนตรีให้ฟัง ถ้าไม่เข้าไปเที่ยวกลางคืนที่พัทยา ที่นี่ก็น่าสนใจเหมาะสำหรับคนชอบกิน มีทั้งแบบใส่กล่องกลับไปกินที่ห้อง และใส่จานนั่งกินที่ตลาด แม่ค้าพ่อค้าเป็นกันเองมากกกก ตลาดอยู่หน้าหาดจอมเทียน เดินไปชายหาดได้แค่ถนนกั้น,"['แหล่ง', 'อาหาร', 'หลากหลาย', 'ราคา', 'แพง', 'นั่ง', 'กิน', 'อาหาร', 'หน้าตลาด', 'ดนตรี', 'ฟัง', 'เที่ยว', 'กลาง', 'คืน', 'พัทยา', 'สนใจ', 'เหมาะ', 'สำหรับ', 'คน', 'ชอบ', 'กิน', 'ใส่', 'กล่อง', 'กิน', 'ห้อง', 'ใส่', 'จาน', 'นั่ง', 'กิน', 'ตลาด', 'แม่ค้า', 'พ่อค้า', 'กกก', 'ตลาด', 'หน้า', 'หาดจอมเทียน', 'เดิน', 'ชาย', 'หาด', 'ถนน', 'กั้น']"
8,แหล่งท่องเที่ยวย่ามค่ำคืน,"['แหล่ง', 'ท่องเที่ยว', 'ย่าม', 'ค่ำคืน']"
9,เป็นแห่งช้อปปิ้งพื้นเมือง ที่มีของไทยให้เลือกหลายอย่าง สถานที่เดินง่าย กว้างขวาง ตั้งอยู่ใกล้ๆ กับห้างเซ็ลทรัล,"['ช้อปปิ้ง', 'พื้นเมือง', 'ไทย', 'เลือก', 'สถานที่', 'เดิน', 'ห้างเซ็ลทรัล']"
10,ดีใจที่ได้เห็นและเดินผ่าน,"['ดีใจ', 'เดิน']"
11,มีอาหารที่แตกต่างกันมากมายให้เลือกมากกว่าในร้านอาหาร อาหารที่ดีที่สุดไม่มีอะไรพิเศษในตลาดอื่น ๆ ผู้คนมากมาย,"['อาหาร', 'แตกต่าง', 'เลือก', 'ร้าน', 'อาหาร', 'อาหาร', 'ดี', 'พิเศษ', 'ตลาด', 'ผู้คน']"
12,ทัศนคติของการจัดการตลาดกลางคืน,"['ทัศนคติ', 'ตลาด', 'กลาง', 'คืน']"
13,ตลาดกลางคืนดีมากสำหรับอาหารและแหล่งช้อปปิ้งมีบล็อกห้องน้ำใหม่ซึ่งดีมากปัญหาเดียวคือมันปิดหนึ่งชั่วโมงก่อนที่ตลาดบังคับให้คุณใช้บล็อกเก่าพระเจ้าซึ่งน่ารังเกียจและควรดึงลง เจ้าหน้าที่รักษาความปลอดภัยปิดไฟที่ฉันอยู่ในตลาดที่ 2230 และบอกคุณว่าตลาดหยาบคายมากไปปิดตลาดโฆษณาเวลาเปิดจนถึง 2300 เมื่อเราพูดกับผู้บริหารเกี่ยวกับห้องน้ำและความปลอดภัยที่พวกเขาไม่สนใจ,"['ตลาด', 'กลาง', 'คืน', 'ดี', 'สำหรับ', 'อาหาร', 'แหล่ง', 'ช้อปปิ้ง', 'บล็อก', 'ห้อง', 'น้ำ', 'ดี', 'ปัญหา', 'ชั่วโมง', 'ตลาด', 'บังคับ', 'บล็อก', 'เก่า', 'พระเจ้า', 'รังเกียจ', 'ดึง', 'เจ้าหน้าที่', 'รักษา', 'ปลอด', 'ภัย', 'ไฟ', 'ตลาด', 'ตลาด', 'หยาบคาย', 'ตลาด', 'โฆษณา', 'เวลา', 'บริหาร', 'เกี่ยว', 'ห้อง', 'น้ำ', 'ปลอด', 'ภัย', 'สนใจ']"
14,ครอบครัวเยี่ยมมกราคม 2563,"['ครอบครัว', 'เยี่ยม', 'มกราคม']"
15,เปิดเมื่อพระอาทิตย์ตกดินในตอนเย็นอาหารสามารถซื้อได้ในราคาที่ต่ำกว่าร้านค้าริมชายหาด ไม่อย่างนั้นก็แค่ตลาดของคนไทยทั่วไปที่พบได้ทั่วไปในประเทศไทย,"['พระอาทิตย์', 'ตก', 'ดิน', 'ตอน', 'เย็น', 'อาหาร', 'ซื้อ', 'ราคา', 'ต่ำ', 'ร้าน', 'ค้า', 'ริม', 'ชายหาด', 'ตลาด', 'คน', 'ไทย', 'ทั่วไป', 'ทั่วไป', 'ประเทศไทย']"
16,อาหารดีและราคาไม่แพง,"['อาหาร', 'ดี', 'ราคา', 'แพง']"
17,อาหารผู้คนและการสูบเพลง สถานที่แห่งนี้ปลอดภัยและมีอาหารให้เลือกมากมาย ทุกประเภทดังนั้นแม้แต่วีแก้นก็สามารถเพลิดเพลินได้ ผลไม้ปั่นและของหวานก็ทำสดใหม่เช่นกัน คุณสามารถขึ้นรถบัส 10 บาทหน้าและไปทั่วจอมเทียนและพัทยา คนส่วนใหญ่เข้าใจภาษาอังกฤษที่แตกสลายดังนั้นคุณจะสื่อสารได้ดี,"['อาหาร', 'ผู้คน', 'สูบ', 'เพลง', 'สถานที่', 'ปลอด', 'ภัย', 'อาหาร', 'เลือก', 'ประเภท', 'วีแก้น', 'เพลิดเพลิน', 'ผลไม้', 'ปั่น', 'หวาน', 'ทำ', 'สด', 'รถ', 'บัส', 'บาท', 'หน้า', 'จอมเทียน', 'พัทยา', 'คน', 'ภาษา', 'อังกฤษ', 'แตก', 'สลาย', 'สื่อสาร', 'ดี']"
18,เพลงที่ยอดเยี่ยมอาหารสนุก,"['เพลง', 'ยอดเยี่ยม', 'อาหาร', 'สนุก']"
19,นี่เป็นตลาดที่กำลังเกิดขึ้น เปิดเวลา 5 โมงเย็นและปิดเวลา 23.00 น. มีอาหารให้เลือกมากมายและของที่ระลึกมากมายให้เลือกซื้อ นอกจากนี้ยังมีเพลงเต้นรำให้ มันอยู่ติดกับชายหาดพร้อมวิวทิวทัศน์ที่งดงาม ฝูงชนมีความเป็นมิตร จะกลับไปซ้ำแล้วซ้ำอีก,"['ตลาด', 'เวลา', 'โมง', 'เย็น', 'เวลา', 'อาหาร', 'เลือก', 'ระลึก', 'เลือก', 'ซื้อ', 'เพลง', 'เต้นรำ', 'ติด', 'ชาย', 'หาด', 'วิว', 'ทิวทัศน์', 'งดงาม', 'ฝูง', 'ชน', 'มิตร', 'ซ้ำแล้วซ้ำอีก']"
20,ต้องดู .. ดังนั้น,['ดู']
21,เป็นคนดีมากหลากหลายเชื้อชาติ . อาหารสุดยอดความบันเทิงและร้านค้าเล็ก ๆ พร้อมเสื้อผ้าและเกมสำหรับเด็กมากมาย . อากาศอบอุ่นบรรยากาศดี . ทำเลที่ตั้งสมบูรณ์แบบสามารถเข้าถึงได้ง่ายโดยการเดินหรือรถบัสค้างคาว,"['คน', 'ดี', 'หลากหลาย', 'เชื้อชาติ', 'อาหาร', 'ยอด', 'บันเทิง', 'ร้าน', 'ค้า', 'เสื้อผ้า', 'เกม', 'สำหรับ', 'เด็ก', 'อากาศ', 'อบอุ่น', 'บรรยากาศ', 'ดี', 'ทำเล', 'สมบูรณ์แบบ', 'เดิน', 'รถ', 'บัส', 'ค้าง', 'คาว']"
22,ตลาดกลางคืนโดยทั่วไป,"['ตลาด', 'กลาง', 'คืน', 'ทั่วไป']"
23,ตลาดกลางคืนที่เรียบง่าย มีตลาดกลางคืนหลายแห่งในพัทยาและที่นี่ไม่มีอะไรพิเศษ คุณจะพบสิ่งเดียวกันที่นี่เหมือนกับที่อื่น ๆ ดังนั้นหากคุณอยู่ใกล้ ๆ ดู แต่ไม่จำเป็นต้องเดินทางไกลเพื่อเยี่ยมชมเพราะมีตลาดอื่น ๆ ที่ดีกว่าตลาดกลางคืนรอบ ๆ,"['ตลาด', 'กลาง', 'คืน', 'เรียบง่าย', 'ตลาด', 'กลาง', 'คืน', 'พัทยา', 'พิเศษ', 'เหมือน', 'ดู', 'เดินทาง', 'เยี่ยมชม', 'ตลาด', 'ดี', 'ตลาด', 'กลาง', 'คืน', 'รอบ']"
24,เหมาะสำหรับการหยุดพักระยะสั้น,"['เหมาะ', 'สำหรับ', 'หยุด', 'พัก']"
25,"เราพักที่จอมเทียน 2 คืนเท่านั้นดังนั้นที่นี่จึงเป็นสถานที่ที่น่าไปเดินเล่นและหาอะไรทาน ให้บริการอาหารเอเชียและตะวันตกที่คัดสรรมาเป็นอย่างดี มีพื้นที่นั่งเล่นแยกต่างหากสำหรับรับประทานอาหาร ถังขยะตั้งอยู่ใกล้กับพื้นที่ล้างมือ
 มีการเดินเล่นรอบ ๆ แผงลอยอย่างรวดเร็วก่อนที่จะถึงมือไม่มีอะไรอื่นนอกจากโน้ตเด็กที่สามารถเต้นที่ดิสโก้ขนาดเล็ก
 ไม่คุ้มค่าที่จะเดินทางออกจากพัทยาเว้นแต่คุณจะมีลูกเล็ก ๆ มีศักยภาพที่จะดีขึ้นและปรับปรุง แต่ไม่ต้องสงสัยเลยว่ามันจะเคย","['พัก', 'จอมเทียน', 'คืน', 'สถานที่', 'เดิน', 'เล่น', 'หา', 'ทาน', 'บริการ', 'อาหาร', 'เอเชีย', 'ตะวัน', 'ตก', 'คัดสรร', 'ดี', 'พื้นที่', 'นั่ง', 'เล่น', 'แยก', 'สำหรับ', 'รับประทาน', 'อาหาร', 'ถัง', 'ขยะ', 'พื้นที่', 'ล้าง', 'เดิน', 'เล่น', 'รอบ', 'แผง', 'ลอย', 'มือ', 'โน้ต', 'เด็ก', 'เต้น', 'ดิสโก้', 'ขนาด', 'คุ้ม', 'ค่า', 'เดินทาง', 'พัทยาเว้น', 'ลูก', 'ศักยภาพ', 'ดี', 'ปรับปรุง', 'สงสัย']"
26,ไม่เลววิวสวยมาก,"['เลว', 'วิว', 'สวย']"
27,ประมาณสองเกาะของแผงขายอาหารและของที่ระลึกและเสื้อผ้า 3 แห่ง ฯลฯ พวกเขามักจะเล่นดนตรีและมีที่จอดรถสำหรับมอเตอร์ไซค์มากมาย ที่ดีที่สุดคือมุมมองที่คุณสามารถนั่งและชมพระอาทิตย์ตกที่ม้านั่ง,"['สอง', 'เกาะ', 'แผง', 'ขาย', 'อาหาร', 'ระลึก', 'เสื้อผ้า', 'เล่น', 'ดนตรี', 'จอด', 'รถ', 'สำหรับ', 'มอเตอร์ไซค์', 'ดี', 'มุมมอง', 'นั่ง', 'ชม', 'พระอาทิตย์', 'ตก', 'ม้า', 'นั่ง']"
28,อาหารเลิศรส,['อาหารเลิศรส']
29,อาหารที่นี่ดีจริงๆสถานที่ที่ดีที่สุดสำหรับนำออกไปบ้านเช่า ราคาถูกมาก ๆ นอกจากนี้ยังมีเสื้อผ้าของที่ระลึกและชุดชายหาดสำหรับขาย,"['อาหาร', 'ดี', 'สถานที่', 'ดี', 'สำหรับ', 'บ้าน', 'เช่า', 'ราคา', 'เสื้อผ้า', 'ระลึก', 'ชุด', 'ชาย', 'หาด', 'สำหรับ', 'ขาย']"
30,ร้านอาหารดีและตลาดริมถนน,"['ร้าน', 'อาหาร', 'ดี', 'ตลาด', 'ริม', 'ถนน']"
31,เราไปเที่ยวตลาดจอมเทียนซึ่งตั้งอยู่ตรงข้ามชายหาดในพื้นที่จอมเทียนในช่วงวันหยุดที่พัทยา ตลาดมีผู้ขายสินค้าหลากหลายตั้งแต่เสื้อผ้ารองเท้าไปจนถึงน้ำมันไทยดั้งเดิมไปจนถึงอาหารผลไม้ หลายคนนั่งอยู่ในศูนย์อาหารแบบเปิดโล่งและเพลิดเพลินกับอาหารและเครื่องดื่ม,"['เที่ยว', 'ตลาด', 'จอมเทียน', 'ตรงข้าม', 'ชาย', 'หาด', 'พื้นที่', 'จอม', 'เทียน', 'หยุด', 'พัทยา', 'ตลาด', 'ขาย', 'สินค้า', 'หลากหลาย', 'เสื้อผ้า', 'รองเท้า', 'น้ำมัน', 'ไทย', 'ดั้งเดิม', 'อาหาร', 'ผลไม้', 'คน', 'นั่ง', 'ศูนย์อาหาร', 'โล่ง', 'เพลิดเพลิน', 'อาหาร', 'เครื่อง', 'ดื่ม']"
32,สิ่งที่ต้องทำ,['ทำ']
33,"เข้าชมประมาณ 19.00 น. สายลมที่น่ารักจากมหาสมุทรข้ามถนน . . แผงขายของทุกอย่าง 5 - 7 แถวของสิ่งเดียวกันทั้งหมด lol
แม้แต่แผงขายอาหารก็เหมือนกันหมด . . . . บรรยากาศดีแม้ว่า เสียงเพลงดังและผู้คนเพลิดเพลินกับอาหารของพวกเขา เจ้าของแผงขายที่เป็นมิตร","['ชม', 'สาย', 'ลม', 'รัก', 'มหาสมุทร', 'ข้าม', 'ถนน', 'แผง', 'ขาย', 'แถว', 'แผง', 'ขาย', 'อาหาร', 'เหมือน', 'บรรยากาศ', 'ดี', 'เสียง', 'เพลง', 'ผู้คน', 'เพลิดเพลิน', 'อาหาร', 'เจ้าของ', 'แผง', 'ขาย', 'มิตร']"
34,ค่าแสง Crazy .....,"['ค่า', 'แสง']"
35,พัทยากำลังเกิดขึ้นวังมักจะมีบางสิ่งเกิดขึ้น หากต้องการดูวัฒนธรรมการใช้ชีวิตในพัทยาผู้อยู่อาศัยในอาหารต้องไปเยือนในเวลาเย็นบนชายหาดทะเลพร้อมด้วยวิถีชีวิตที่มีชีวิตชีวาและความเพลิดเพลิน ร้านอาหารริมถนนจำนวนมากที่มีเบียร์และเครื่องดื่มที่มีแอลกอฮอล์อาหารทะเล แต่ยากสำหรับมังสวิรัติ แม้ว่าร้านอาหารอินเดียจำนวนมากจะมี แต่คุณภาพเป็นของหายาก โดยรวมแล้วตอนเย็นของคุณเพลิดเพลินไปกับ . . . . . . . . . . . .,"['พัทยา', 'วัง', 'ต้องการ', 'ดู', 'วัฒนธรรม', 'ชีวิต', 'พัทยา', 'อยู่อาศัย', 'อาหาร', 'เยือน', 'เวลา', 'เย็น', 'ชาย', 'หาด', 'ทะเล', 'วิถี', 'ชีวิต', 'ชีวิตชีวา', 'เพลิดเพลิน', 'ร้าน', 'อาหาร', 'ริม', 'ถนน', 'จำนวน', 'เบียร์', 'เครื่อง', 'ดื่ม', 'แอลกอฮอล์', 'อาหาร', 'ทะเล', 'สำหรับ', 'มังสวิรัติ', 'ร้าน', 'อาหาร', 'อินเดีย', 'จำนวน', 'คุณภาพ', 'หา', 'ตอน', 'เย็น', 'คุณเพลิดเพลิน']"
36,ฝันดีจริงๆ,"['ฝัน', 'ดี']"
37,ที่นี่ที่ตลาดกลางคืนจอมเทียนมีร้านค้ามากมายหลากหลายทุกสิ่งที่แตกต่างกันที่ผู้ผลิต / นักท่องเที่ยวอาจต้องการอ่านหรือซื้อ แฟนฉันชอบมันมาก หลังจากซื้อของแล้วก็ถึงเวลาสำหรับเบียร์และอาหาร มีไก่ให้เลือกมากมายเนื้อย่าง / ปลาและอาหารท้องถิ่นปรุงสดใหม่ต่อหน้าต่อตา นี้ล้างด้วยเบียร์ไม่กี่ทั้งหมดในราคาที่สมเหตุสมผลมากสำหรับตอนเย็นที่สนุกสนานมาก เมื่อเราไปที่นั่นก็มีดิสโก้สำหรับเด็กซึ่งก็ดูสนุกเช่นกัน,"['ตลาด', 'กลาง', 'คืน', 'จอม', 'เทียน', 'ร้าน', 'ค้า', 'หลากหลาย', 'แตกต่าง', 'ผลิต', 'ท่องเที่ยว', 'ต้องการ', 'อ่าน', 'ซื้อ', 'แฟน', 'ชอบ', 'ซื้อ', 'เวลา', 'สำหรับ', 'เบียร์', 'อาหาร', 'ไก่', 'เลือก', 'เนื้อ', 'ย่าง', 'ปลา', 'อาหาร', 'ท้องถิ่น', 'ปรุง', 'สด', 'ต่อหน้าต่อตา', 'ล้าง', 'เบียร์', 'กี่', 'ราคา', 'สมเหตุสมผล', 'สำหรับ', 'ตอน', 'เย็น', 'สนุกสนาน', 'ดิสโก้', 'สำหรับ', 'เด็ก', 'ดู', 'สนุก']"
38,ตลาดถนนและร้านอาหารในเวลาเดียวกัน,"['ตลาด', 'ถนน', 'ร้าน', 'อาหาร', 'เวลา']"
39,นี่เป็นหนึ่งในตลาดกลางคืนที่ได้รับความนิยมมากในพัทยา มีแผงลอยหรือบูธขายอาหารทั้งของแปลก ๆ และของที่ระลึก พวกเขายังมีการแสดงบนถนนหรือการแสดงหลังจากที่คุณสามารถเต้นไปกับเพลงที่พวกเขาเล่น อาหารดีจริง ๆ ที่นี่ (โดยเฉพาะอาหารทะเลย่างและสั่น) และราคาถูกมาก มันเป็นสถานที่ที่ดีที่คุณสามารถไปเที่ยวกับเพื่อน ๆ ในเวลากลางคืนและพูดคุยกับเบียร์ช้างท้องถิ่นที่เย็นชาและอาหารย่างสดใหม่ สถานที่ตั้งอยู่ตรงข้ามชายหาดซึ่งบางครั้งก็ทำให้คุณรู้สึกเย็นสบาย ยกนิ้ว!,"['ตลาด', 'กลาง', 'คืน', 'นิยม', 'พัทยา', 'แผง', 'ลอย', 'บูธ', 'ขาย', 'อาหาร', 'แปลก', 'ระลึก', 'ถนน', 'เต้น', 'เพลง', 'เล่น', 'อาหาร', 'ดี', 'อาหาร', 'ทะเล', 'ย่าง', 'สั่น', 'ราคา', 'สถานที่', 'ดี', 'เที่ยว', 'เพื่อน', 'เวลา', 'กลาง', 'คืน', 'พูดคุย', 'เบียร์', 'ช้าง', 'ท้องถิ่น', 'เย็นชา', 'อาหาร', 'ย่าง', 'สด', 'สถานที่', 'ตรงข้าม', 'ชาย', 'หาด', 'ทำ', 'รู้สึก', 'เย็น', 'นิ้ว']"
40,จุดที่ดี,"['จุด', 'ดี']"
41,ไปตลาดกลางคืนหลายต่อหลายครั้ง มันเป็นจุดที่ดีสำหรับทุกคนในครอบครัว แผงขายอาหารที่น่าตื่นตาตื่นใจมากมายเครื่องดื่มที่ไม่มีแอลกอฮอล์และไม่มี ดนตรีและสิ่งที่น่าซื้อ ควรค่าแก่การเยี่ยมชม,"['ตลาด', 'กลาง', 'คืน', 'จุด', 'ดี', 'สำหรับ', 'คน', 'ครอบครัว', 'แผง', 'ขาย', 'อาหาร', 'ตื่นตาตื่นใจ', 'เครื่อง', 'ดื่ม', 'แอลกอฮอล์', 'ดนตรี', 'ซื้อ', 'ค่า', 'เยี่ยมชม']"
42,ตลาดและอาหาร,"['ตลาด', 'อาหาร']"
43,สามารถเดินจากอพาร์ทเมนท์ของเรา เดินเที่ยวตลาดแผงลอยขายสินค้าและอาหาร ข้างๆตลาดร้านอาหารที่เปิดโล่งสบาย ๆ ภายใต้แสงดาวมีเครื่องดื่มที่คุณเลือกและเมนูอาหารที่ยอดเยี่ยม (ไม่แพง) รักสถานที่,"['เดิน', 'อพาร์ทเมนท์', 'เดิน', 'เที่ยว', 'ตลาด', 'แผง', 'ลอย', 'ขาย', 'สินค้า', 'อาหาร', 'ตลาด', 'ร้าน', 'อาหาร', 'โล่ง', 'แสง', 'ดาว', 'เครื่อง', 'ดื่ม', 'เลือก', 'เมนู', 'อาหาร', 'ยอดเยี่ยม', 'แพง', 'รัก', 'สถานที่']"
44,ตลาดกลางคืนหาดจอมเทียน,"['ตลาด', 'กลาง', 'คืน', 'หาด', 'จอมเทียน']"
45,ฉันอาศัยอยู่ในประเทศไทยหลายปีและไปตลาดกลางคืนที่ถนนชายหาดจอมเทียน ฉันพบว่าแผงขายอาหารดูไม่ถูกสุขลักษณะและไม่ได้ลองอาหาร! และเบียร์พลาสติก 7 ออนซ์ราคา 59 บาท! บางทีฉันอาจจะเป็นคนช่างสังเกตมากขึ้นเมื่อหลายปีก่อน . .,"['อาศัย', 'ประเทศไทย', 'ปี', 'ตลาด', 'กลาง', 'คืน', 'ถนน', 'ชาย', 'หาด', 'จอมเทียน', 'แผง', 'ขาย', 'อาหาร', 'ดู', 'สุขลักษณะ', 'ลอง', 'อาหาร', 'เบียร์', 'พลาสติก', 'ออนซ์', 'ราคา', 'บาท', 'คน', 'ช่าง', 'สังเกต', 'ปี']"
46,อาหารอร่อยในบรรยากาศที่แท้จริง,"['อาหาร', 'อร่อย', 'บรรยากาศ']"
47,เราเดินมาที่นี่ประมาณ 2 กม. จากโรงแรมของเราเพื่อดูสิ่งนี้ อาหารดีและราคาถูก (คุณซื้อแยกต่างหากจากจุดเล็ก ๆ ) และเครื่องดื่มแยกต่างหาก พวกเขาไม่พูดภาษาอังกฤษ แต่มันง่ายในการสื่อสารอย่างใด:) อาหารดีมาก แต่มันก็ไม่คุ้มกับการเดิน; คุณสามารถหาอาหารที่คล้ายกันได้ทุกที่,"['เดิน', 'โรง', 'แรม', 'ดู', 'อาหาร', 'ดี', 'ราคา', 'ซื้อ', 'แยก', 'จุด', 'เครื่อง', 'ดื่ม', 'แยก', 'ภาษา', 'อังกฤษ', 'สื่อสาร', 'ใด', 'อาหาร', 'ดี', 'คุ้ม', 'เดิน', 'หา', 'อาหาร']"
48,ที่ยอดเยี่ยมสำหรับการรับประทานอาหารเย็น,"['ยอดเยี่ยม', 'สำหรับ', 'รับประทาน', 'อาหาร', 'เย็น']"
49,เราชอบตลาดกลางคืนจอมเทียนและเลือกอพาร์ทเมนท์ในระยะที่เดินได้ มีอาหารให้เลือกมากมายในราคาที่สมเหตุสมผล สิ่งที่เราโปรดปรานคือปลาอบเกลือ แต่เรายังลองไก่และหมูบาร์บีคิวซี่โครงหมูข้าวผัดสมูทตี้ผลไม้ ฯลฯ มันยุ่งในเวลา 18.00 น. และคุณอาจต้องแชร์โต๊ะ ไม่สนใจสัญญาณขนาดใหญ่ที่บอกว่าไม่มีอาหารและเครื่องดื่มข้างนอกฉันมักจะเอาเบียร์ของตัวเองจากร้านสะดวกซื้อ Charie สนุกไปกับการซื้อกระเป๋าและสบู่แปลกใหม่! ราคาดี,"['ชอบ', 'ตลาด', 'กลาง', 'คืน', 'จอมเทียน', 'เลือก', 'อพาร์ทเมนท์', 'เดิน', 'อาหาร', 'เลือก', 'ราคา', 'สมเหตุสมผล', 'โปรดปราน', 'ปลา', 'อบเกลือ', 'ลอง', 'ไก่', 'หมู', 'บาร์บี', 'คิว', 'ซี่', 'โครง', 'หมู', 'ข้าว', 'ผัด', 'สมูท', 'ตี้', 'ผลไม้', 'ยุ่ง', 'เวลา', 'แชร์', 'โต๊ะ', 'สนใจ', 'สัญญาณ', 'ขนาด', 'อาหาร', 'เครื่อง', 'ดื่ม', 'เบียร์', 'ตัว', 'ร้าน', 'สะดวก', 'ซื้อ', 'สนุก', 'ซื้อ', 'กระเป๋า', 'สบู่', 'แปลก', 'ราคา', 'ดี']"
50,ตลาดหน้าหาดสวย,"['ตลาด', 'หน้า', 'หาด', 'สวย']"
51,"ตลาดนี้อยู่หน้าหาดจอมเทียน มันมีกังหันลมอยู่ด้านหน้า ผ้าธรรมดามากมายเครื่องประดับราคาถูกร้านขายของที่ระลึก ฯลฯ
ร้านอาหารที่ดีไม่กี่แห่งที่มีอาหารราคาถูกหลากหลาย ตลาดเปิดประมาณ 5 โมงเย็นและฉันจะไปที่นั่นก่อนเพื่อรับโต๊ะ","['ตลาด', 'หน้า', 'หาด', 'จอมเทียน', 'กังหัน', 'ลม', 'หน้า', 'ผ้า', 'ธรรมดา', 'เครื่อง', 'ประดับ', 'ราคา', 'ร้าน', 'ขาย', 'ระลึก', 'ร้าน', 'อาหาร', 'ดี', 'กี่', 'อาหาร', 'ราคา', 'หลากหลาย', 'ตลาด', 'โมง', 'เย็น', 'โต๊ะ']"
52,ให้ความรู้สึกรื่นเริงมีอาหารให้เลือกมากมาย,"['รู้สึก', 'รื่นเริง', 'อาหาร', 'เลือก']"
53,ฉันเคยไปตลาดกลางคืนสองสามครั้งเพราะฉันชอบบรรยากาศรื่นเริงมาก ๆ รวมถึงการช็อปปิ้งและอาหารราคาถูก (ดู YouTube ของฉัน) ที่นี่ จริงๆแล้วมันเป็นสถานที่ที่เหมาะสำหรับการทานอาหารในร้านหรือจะซื้อกลับบ้านและเป็นมิตรกับครอบครัวด้วย,"['ตลาด', 'กลาง', 'คืน', 'สองสาม', 'ชอบ', 'บรรยากาศ', 'รื่นเริง', 'ช็อปปิ้ง', 'อาหาร', 'ราคา', 'ดู', 'สถานที่', 'เหมาะ', 'สำหรับ', 'ทาน', 'อาหาร', 'ร้าน', 'ซื้อ', 'บ้าน', 'มิตร', 'ครอบครัว']"
54,ตลาดกลางคืนเล็ก แต่ก็ดี,"['ตลาด', 'กลาง', 'คืน', 'ดี']"
55,มีอาหารให้เลือกมากมายบาร์บีคิวอาหารทะเลและอาหารไทย สามารถกินในเว็บไซต์หรือนำไป มีแผงขายสินค้ามากมายให้เลือกมากมาย,"['อาหาร', 'เลือก', 'บาร์บี', 'คิว', 'อาหาร', 'ทะเล', 'อาหาร', 'ไทย', 'กิน', 'เว็บไซต์', 'แผง', 'ขาย', 'สินค้า', 'เลือก']"
56,ตลาดริมทะเล,"['ตลาด', 'ริมทะเล']"
57,อาหารที่นี่ราคาถูกและดีมากไม่ใหญ่เท่ากับตลาดเทพประสิทธิ์ แต่ง่ายต่อการเดินทางด้วยรถบัสบาทติดกับทะเล,"['อาหาร', 'ราคา', 'ดี', 'ตลาดเทพประสิทธิ์', 'เดินทาง', 'รถ', 'บัสบาท', 'ติด', 'ทะเล']"
58,Nice Nightmarket,[]
59,"ตลาดกลางคืนที่ดีมากในจอมเทียน . . ถนนหาดจอมเทียน . .
ไม่ใหญ่ แต่ก็เพียงพอสำหรับการเดินเล่น พวกเขามีอาหารที่แตกต่างกันเพื่อซื้อมีและตารางรอบ ๆ เพื่อนั่งกิน นอกจากนี้ยังมีร้านอาหารเล็ก ๆ ไม่กี่แห่งที่คุณสามารถทานอาหารเย็นหรือเครื่องดื่ม","['ตลาด', 'กลาง', 'คืน', 'ดี', 'จอมเทียน', 'ถนนหาดจอมเทียน', 'สำหรับ', 'เดิน', 'เล่น', 'อาหาร', 'แตกต่าง', 'ซื้อ', 'ตาราง', 'รอบ', 'นั่ง', 'กิน', 'ร้าน', 'อาหาร', 'กี่', 'ทาน', 'อาหาร', 'เย็น', 'เครื่อง', 'ดื่ม']"
60,บรรยากาศเยี่ยมมาก,"['บรรยากาศ', 'เยี่ยม']"
61,โหลดไปดูและเลือกมากมายสำหรับอาหารที่ดีและแหล่งช้อปปิ้งสำหรับเสื้อผ้าราคาสมเหตุสมผล ฯลฯ ในความเป็นจริงคุณไม่จำเป็นต้องนำเสื้อผ้ามากมายมากับคุณเพราะพวกเขาจะถูกกว่ามากที่จะซื้อที่นี่,"['โหลด', 'ดู', 'เลือก', 'สำหรับ', 'อาหาร', 'ดี', 'แหล่ง', 'ช้อปปิ้ง', 'สำหรับ', 'เสื้อผ้า', 'ราคา', 'สมเหตุสมผล', 'เสื้อผ้า', 'ซื้อ']"
62,ตลาดกลางคืนจอมเทียน,"['ตลาด', 'กลาง', 'คืน', 'จอมเทียน']"
63,หากคุณกำลังคิดที่จะไปที่ตลาดกลางคืนจอมเทียนอย่าใช้ห้องน้ำที่สกปรกมากส่วนใหญ่ไม่มีน้ำไม่มีสบู่หรือกระดาษชำระและพวกเขามีแก้มที่จะใช้มันคนไทยส่วนใหญ่ไปติดกับบล็อก พวกเขาปฏิเสธที่จะจ่าย,"['ตลาด', 'กลาง', 'คืน', 'จอมเทียน', 'อย่า', 'ห้องน้ำ', 'สกปรก', 'น้ำ', 'สบู่', 'กระดาษ', 'ชำระ', 'แก้ม', 'คน', 'ไทย', 'ติด', 'บล็อก', 'ปฏิเสธ', 'จ่าย']"
64,จัดดีคุ้มค่า,"['ดี', 'คุ้มค่า']"
65,ฉันเคยไปเที่ยวตลาดกลางคืนหลายแห่งตั้งแต่มาถึงประเทศไทยและหลายแห่งในเชียงใหม่ ตลาดนี้มีการจัดระเบียบมากเมื่อเปรียบเทียบกับแผงลอยจัดเรียงเป็นแถว ทางเดินสองทางแรก (ทางซ้าย) เต็มไปด้วยผู้ขายอาหารข้างถนนที่ขายอาหารที่ผสมผสานกันอย่างมากทั้งไทยกรีกตุรกีและรัสเซีย ส่วนที่เหลือของตลาดเป็นตลาดไทยมาตรฐานของคุณด้วยเสื้อผ้าสุขภาพและความงามและคอกม้า ราคาส่วนใหญ่ก็ดูสมเหตุสมผล,"['เที่ยว', 'ตลาด', 'กลาง', 'คืน', 'ประเทศไทย', 'เชียงใหม่', 'ตลาด', 'ระเบียบ', 'เปรียบเทียบ', 'แผงลอย', 'เรียง', 'แถว', 'เดิน', 'สอง', 'ซ้าย', 'เต็ม', 'ขาย', 'อาหาร', 'ถนน', 'ขาย', 'อาหาร', 'ผสมผสาน', 'ไทย', 'กรีก', 'ตุรกี', 'รัสเซีย', 'ตลาด', 'ตลาด', 'ไทย', 'มาตรฐาน', 'เสื้อผ้า', 'สุขภาพ', 'งาม', 'คอก', 'ม้า', 'ราคา', 'ดู', 'สมเหตุสมผล']"
66,อาหารและสินค้าราคาถูก,"['อาหาร', 'สินค้า', 'ราคา']"
67,บรรยากาศที่ดีมีดนตรีสดพร้อมที่นั่งสำหรับผู้ที่ซื้ออาหารหรือเครื่องดื่มจากร้านค้ามากมาย สินค้าท่องเที่ยวทั้งหมดตามปกติจากกระเป๋าเดินทางไปจนถึงเสื้อยืดและอื่น ๆ อีกมากมายจากถนนอาหาร ตั้งอยู่บนชายหาดและค่อนข้างกลางเพื่อง่ายต่อการสร้างในการเยี่ยมชมในทางที่จะคืนออก,"['บรรยากาศ', 'ดี', 'ด', 'นตรี', 'สด', 'นั่ง', 'สำหรับ', 'ซื้อ', 'อาหาร', 'เครื่อง', 'ดื่ม', 'ร้าน', 'ค้า', 'สินค้า', 'ท่องเที่ยว', 'ปกติ', 'กระเป๋า', 'เดินทาง', 'เสื้อ', 'ยืด', 'ถนน', 'อาหาร', 'ชาย', 'หาด', 'กลาง', 'สร้าง', 'เยี่ยมชม', 'คืน']"
68,ตลาดที่ดีมีอาหารมากมาย,"['ตลาด', 'ดี', 'อาหาร']"
69,"ในขณะที่อยู่พัทยาไปตลาดกลางคืนสองครั้ง มันยุ่งกับคนจำนวนมาก แต่ทางเลือกอาหารหลายอย่างจากไทยไปจนถึงชาวกรีก
นอกจากนี้คุณสามารถเลือกซื้อสินค้าเสื้อผ้าและสินค้าอื่น ๆ
ดีมากที่จะนั่งและเพลิดเพลินกับอาหารที่แตกต่างกัน","['พัทยา', 'ตลาด', 'กลาง', 'คืน', 'สอง', 'ยุ่ง', 'คน', 'จำนวน', 'เลือก', 'อาหาร', 'ไทย', 'เลือก', 'ซื้อ', 'สินค้า', 'เสื้อผ้า', 'สินค้า', 'ดี', 'นั่ง', 'เพลิดเพลิน', 'อาหาร', 'แตกต่าง']"
70,ตลาดแกว่งตัว,"['ตลาด', 'แกว่ง', 'ตัว']"
71,ดีกว่าตลาดวันหยุดสุดสัปดาห์ในจอมเทียน ไม่ใหญ่มาก แต่เป็นบรรยากาศที่ดี แม้แต่เด็กก็มีพื้นดิสโก้ มีร้านขายอาหารเพียงพอที่จะหาสิ่งที่คุณต้องการ ข้อเสนอแนะ: ถ้าคุณกำลังจะกินที่นั่นให้เอาเนื้อเยื่อเปียกติดตัวไปด้วย,"['ดี', 'ตลาด', 'หยุด', 'สัปดาห์', 'จอมเทียน', 'บรรยากาศ', 'ดี', 'เด็ก', 'พื้น', 'ดิสโก้', 'ร้าน', 'ขาย', 'อาหาร', 'หา', 'ต้องการ', 'ข้อ', 'เสนอแนะ', 'กิน', 'เนื้อเยื่อ', 'เปียก', 'ติด', 'ตัว']"
72,หนึ่งในตลาดกลางคืนที่ดีที่ฉันได้รับไป,"['ตลาด', 'กลาง', 'คืน', 'ดี']"
73,"ถึงเวลาประมาณ 19.00 น. รู้สึกประทับใจเมื่อได้เจอมัน มีตัวเลือกมากมายในการทำเสื้อผ้ามีความคล้ายคลึงกับตลาดทั่วไปอื่น ๆ แต่ฉันจำได้ว่าได้เห็นสินค้าจำนวนมากที่ทำให้ฉันหลงไหล

ชื่นชอบการเลือกอาหารในร้าน เลือกอาหารแบบสุ่มจากแผงลอยแบบสุ่ม (แบบผสมผสาน n match style) และอร่อยมาก สำหรับของหวานฉันไปที่แผงล้อ milkshake / smoothie / บาร์ เป็นวิธีที่ดีที่พวกเขาตั้งขึ้น พวกเขามีผลไม้ในถ้วยพลาสติกที่คุณเลือกหนึ่งขึ้นมอบให้พวกเขาและพวกเขาทำให้เครื่องดื่มเพิ่มน้ำแข็งนมและสิ่งที่ ฉันมีสตรอเบอร์รี่และกล้วยปั่น (ค่าใช้จ่าย 25 บาท) แต่ฉันใส่วอดก้าลงไปรวมทั้งหมด 40 บาทและราคาที่สมเหตุสมผล

อยู่ที่นั่นการในชั้นบรรยากาศสำหรับสองสามชั่วโมงรักมัน ตัดสินใจที่จะย้ายไปที่โรงแรมในวันพรุ่งนี้เนื่องจากชายหาดที่ดีกว่าเมืองพัทยา :)","['เวลา', 'รู้สึก', 'ประทับใจ', 'เจอ', 'ตัว', 'เลือก', 'ทำ', 'เสื้อผ้า', 'คล้ายคลึง', 'ตลาด', 'ทั่วไป', 'สินค้า', 'จำนวน', 'ทำ', 'หลง', 'ชื่นชอบ', 'เลือก', 'อาหาร', 'ร้าน', 'เลือก', 'อาหาร', 'สุ่ม', 'แผง', 'ลอย', 'สุ่ม', 'ผสมผสาน', 'อร่อย', 'สำหรับ', 'หวาน', 'แผง', 'ล้อ', 'บาร์', 'วิธี', 'ดี', 'ผลไม้', 'ถ้วย', 'พลาสติก', 'เลือก', 'มอบ', 'ทำ', 'เครื่อง', 'ดื่ม', 'น้ำ', 'แข็ง', 'นม', 'สตรอเบอร์รี่', 'กล้วยปั่น', 'ค่า', 'ใช้จ่าย', 'บาท', 'ใส่', 'วอดก้า', 'บาท', 'ราคา', 'ชั้น', 'บรรยากาศ', 'สำหรับ', 'สองสาม', 'ชั่วโมง', 'รัก', 'ตัดสินใจ', 'ย้าย', 'โรงแรม', 'พรุ่ง', 'เนื่อง', 'ชาย', 'หาด', 'ดี', 'เมืองพัทยา']"
74,การเลือกอาหารที่ยอดเยี่ยม,"['เลือก', 'อาหาร', 'ยอดเยี่ยม']"
75,สถานที่ที่ดีที่จะได้รับความหลากหลายของอาหารที่แตกต่างกันทั้งหมดในสถานที่เดียวกัน ราคาอยู่ในระดับท้องถิ่นและอาหารสดใหม่ในเวลา ขอแนะนำถ้าคุณรักอาหารไทย,"['สถานที่', 'ดี', 'หลากหลาย', 'อาหาร', 'แตกต่าง', 'สถานที่', 'ราคา', 'ระดับ', 'ท้องถิ่น', 'อาหาร', 'สดใหม่', 'เวลา', 'แนะนำ', 'รัก', 'อาหาร', 'ไทย']"
76,สถานที่ท่องเที่ยวที่น่าสนใจ,"['สถานที่', 'ท่องเที่ยว', 'สนใจ']"
77,มีตลาดกลางคืนที่ จำกัด อยู่ที่นี่ดังนั้นสถานที่แห่งนี้จึงค่อนข้างดีแม้ว่าจะไม่ได้ดีก็ตาม การแพร่กระจายของอาหารท้องถิ่นที่ดีบางรายการในราคาที่ดี แนะนำให้ลองอาหารประจำท้องถิ่น,"['ตลาด', 'กลาง', 'คืน', 'สถานที่', 'ดี', 'ดี', 'แพร่กระจาย', 'อาหาร', 'ท้องถิ่น', 'ดี', 'รายการ', 'ราคา', 'ดี', 'แนะนำ', 'ลอง', 'อาหาร', 'ประจำ', 'ท้องถิ่น']"
78,ผ่อนคลาย!,['ผ่อนคลาย']
79,เรามากินเพราะใกล้โรงแรมมาก ทางเลือกที่ดีของอาหารจำนวนที่นั่งเสื้อผ้า shouvernirs ร้านค้าและเวทีเล็ก ๆ สำหรับเพลง ผ่อนคลายไปกับชายหาดตอนกลางคืน,"['กิน', 'โรง', 'แรม', 'เลือก', 'ดี', 'อาหาร', 'จำนวน', 'นั่ง', 'เสื้อผ้า', 'ร้าน', 'ค้า', 'เวที', 'สำหรับ', 'เพลง', 'ผ่อนคลาย', 'ชาย', 'หาด', 'ตอน', 'กลาง', 'คืน']"
80,เหมาะสำหรับมื้อกลางวันหรือของว่าง,"['เหมาะ', 'สำหรับ', 'มื้อ', 'กลาง', 'ว่าง']"
81,"ฉันอยู่ที่นี่สองครั้งในช่วงเวลากลางวัน สถานที่ยอดเยี่ยมสำหรับอาหารผักสดผลไม้ผักสดหรือแหล่งช้อปปิ้งบางแห่ง

ลองก๋วยเตี๋ยวไก่ Feet บางสด shakes หรือกินปลาเค็มทั้งขณะนั่งใกล้ชายหาด","['สอง', 'เวลา', 'กลาง', 'สถานที่', 'ยอดเยี่ยม', 'สำหรับ', 'อาหาร', 'ผัก', 'สด', 'ผลไม้', 'ผัก', 'สด', 'แหล่ง', 'ช้อปปิ้ง', 'ลอง', 'ก๋วยเตี๋ยว', 'ไก่', 'สด', 'กิน', 'ปลา', 'เค็ม', 'นั่ง', 'ชายหาด']"
82,ขนาดเล็กแต่ก็น่าสนใจ,"['ขนาด', 'สนใจ']"
83,ตั้งอยู่ที่หาดจอมเทียนได้ สถานที่แห่งนี้เป็นสถานที่พักผ่อนที่ดีเยี่ยมจากปกติผับและร้านอาหารได้ มันมีไม่กี่ร้านขายอาหารและเครื่องดื่มและเสื้อผ้า สถานที่ที่ดีที่จะได้ใช้เวลา 2 ชั่วโมงสำหรับผู้ที่ต้องการชม,"['หาดจอมเทียน', 'สถานที่', 'สถานที่', 'พักผ่อน', 'ดี', 'เยี่ยม', 'ปกติ', 'ผับ', 'ร้าน', 'อาหาร', 'กี่', 'ร้าน', 'ขาย', 'อาหาร', 'เครื่อง', 'ดื่ม', 'เสื้อผ้า', 'สถานที่', 'ดี', 'เวลา', 'ชั่วโมง', 'สำหรับ', 'ต้องการ', 'ชม']"
84,"เป็นที่สุดยอดตอนกลางคืนลมทะเล , เครื่องดื่มและอาหารความบันเทิงและแหล่งช้อปปิ้งของนักท่องเที่ยว","['ยอด', 'ตอน', 'กลาง', 'คืน', 'ลม', 'ทะเล', 'เครื่อง', 'ดื่ม', 'อาหาร', 'บันเทิง', 'แหล่ง', 'ช้อปปิ้ง', 'ท่องเที่ยว']"
85,"เราชอบโรงแรมแห่งนี้ตลาดกลางคืนเล็กๆซึ่งในตอนนี้เราได้ตัดสินใจที่จะไม่มีของเรา 1 ในพัทยา
ดีที่มีที่จอดรถที่ 20 บาท ทำความสะอาดห้องน้ำธรรมดา 5 บาท ช่วงของตลาดที่มีแผงขายของที่ระลึกและชายหาดที่สึกหรอ สองแถวของแผงขายอาหารที่ยอดเยี่ยมรวมทั้งน้ำผลไม้ปั่นอร่อยราคา 25 บาท เหยือกของช้างประมาณ 250 บาท 3 ก๋วยเตี๋ยวและข้าวสำหรับราคา 150 บาท บาร์บีคิวข้าวโพด 25 บาท พวกเขาได้ตั้งอยู่ตรงข้ามกับชายหาดในสิ่งที่เราจะพิจารณาการดื่มเบียร์บริเวณสวนที่พร้อมด้วยโต๊ะและเก้าอี้ , การล้างมือและสถานีเด็กๆดิสโก้ นั่งเพลิดเพลินกับอาหารและเครื่องดื่มในตอนเย็นรีซก็น่ารัก มีความสุขกับมันมาก ผู้คนที่ดูน่าสนใจมีรถบัสที่มีนักท่องเที่ยวรวมถึงบางอย่างที่ค่อนข้างแดดจากยุโรปตะวันออก ... ... หวังว่าพวกเขาจะซื้อที่อโลเวร่าซึ่งยังเปิดขายที่นี่ !","['ชอบ', 'โรง', 'แรม', 'ตลาด', 'กลาง', 'คืน', 'ตอน', 'ตัดสินใจ', 'ดี', 'จอด', 'รถ', 'บาท', 'ทำ', 'สะอาด', 'ห้องน้ำ', 'ธรรมดา', 'บาท', 'ตลาด', 'แผง', 'ขาย', 'ระลึก', 'ชาย', 'หาด', 'ที่สึก', 'หรอ', 'สอง', 'แถว', 'แผง', 'ขาย', 'อาหาร', 'ยอดเยี่ยม', 'น้ำ', 'ผลไม้', 'ปั่นอร่อย', 'ราคา', 'บาท', 'เหยือก', 'ช้าง', 'บาท', 'ก๋วยเตี๋ยว', 'ข้าว', 'สำหรับ', 'ราคา', 'บาท', 'บาร์บี', 'คิว', 'ข้าวโพด', 'บาท', 'ตรงข้าม', 'ชาย', 'หาด', 'พิจารณา', 'ดื่ม', 'เบียร์', 'บริเวณ', 'สวน', 'โต๊ะ', 'เก้าอี้', 'ล้าง', 'มือ', 'สถานี', 'เด็ก', 'ๆดิสโก้', 'นั่ง', 'เพลิดเพลิน', 'อาหาร', 'เครื่อง', 'ดื่ม', 'ตอน', 'เย็น', 'รีซ', 'รัก', 'สุข', 'ผู้คน', 'ดู', 'สนใจ', 'รถ', 'บัส', 'ท่องเที่ยว', 'แดด', 'ยุโรป', 'ตะวันออก', 'หวัง', 'ซื้อ', 'อโลเวร่า', 'ขาย']"
86,เป็นตลาดที่ดีกับราคาที่ดี,"['ตลาด', 'ดี', 'ราคา', 'ดี']"
87,ตลาดนัดตอนกลางคืนก็เป็นสถานที่ที่ดีมากสำหรับการช้อปปิ้ง ราคาไม่แพงเลย เข้าถึงได้ง่ายโดยรถบัสอาบน้ำได้ เราไปที่นั่นหลายครั้ง เราชอบการช็อปปิ้งในตอนเย็นเนื่องจากอุณหภูมิ,"['ตลาด', 'นัด', 'ตอน', 'กลาง', 'คืน', 'สถานที่', 'ดี', 'สำหรับ', 'ช้อปปิ้ง', 'ราคา', 'แพง', 'รถ', 'บัส', 'อาบ', 'น้ำ', 'ชอบ', 'ช็อปปิ้ง', 'ตอน', 'เย็น', 'เนื่อง', 'อุณหภูมิ']"
88,ตลาดที่เยี่ยม,"['ตลาด', 'เยี่ยม']"
89,ตลาดกลางคืนที่ยอดเยี่ยมมากกับความหลากหลายของอาหารและเสื้อผ้าของที่ระลึกกระเป๋าและอื่นๆนอกจากนี้ยังมีดิสโก้เด็กทุกคืนพร้อมเสียงดัง clubmusic และบาร์เพียงบางห่างไปไม่กี่เมตร เราชอบมากในช่วงที่เราพักอยู่ในพัทยาหลายคืน !,"['ตลาด', 'กลาง', 'คืน', 'ยอดเยี่ยม', 'หลากหลาย', 'อาหาร', 'เสื้อผ้า', 'ระลึก', 'กระเป๋า', 'ดิสโก้', 'เด็ก', 'คืน', 'เสียง', 'บาร์', 'ห่าง', 'กี่', 'เมตร', 'ชอบ', 'พัก', 'พัทยา', 'คืน']"
90,สนุกกับการเที่ยวกลางคืน,"['สนุก', 'เที่ยว', 'กลาง', 'คืน']"
91,"ตลาดแห่งนี้เป็นสถานที่ที่ต้องไปเยือนในขณะที่จอมเทียนบีช มันเปิดตอนช่วงบ่าย 4 แห่ง และมีอาหารที่น่าตื่นตาตื่นใจที่เป็นของเรย์ พ่อค้าแม่ค้าที่ขายเสื้อผ้า ฯลฯ ฯเพื่อให้คุณมีความสุข และดูมีราคาที่ถูกมากบนเสื้อผ้า ไม่ต้องเหนื่อยกับการตลาดนี้เป็นสถานที่ที่ไม่เหมือนคนอื่นที่เคยไปเที่ยวในประเทศไทย มันมีครอบครัวที่ดีมีบรรยากาศสำหรับเต้นรำ และดนตรีของเล็ก ๆ และเครื่องดื่มสำหรับมัมมี่ของแดดดี้ส์ และโหลดของโต๊ะสำหรับทานอาหาร
เป็นคืนที่ออก หรือช่วงบ่ายที่เงียบสงบ","['ตลาด', 'สถานที่', 'เยือน', 'จอมเทียน', 'บีช', 'ตอน', 'บ่าย', 'อาหาร', 'ตื่นตาตื่นใจ', 'เรย์', 'พ่อค้า', 'แม่ค้า', 'ขาย', 'เสื้อผ้า', 'สุข', 'ดู', 'ราคา', 'เสื้อผ้า', 'เหนื่อย', 'ตลาด', 'สถานที่', 'เหมือน', 'คน', 'เที่ยว', 'ประเทศไทย', 'ครอบครัว', 'ดี', 'บรรยากาศ', 'สำหรับ', 'เต้นรำ', 'ดนตรี', 'เครื่อง', 'ดื่ม', 'สำหรับ', 'มัมมี่', 'แดด', 'ดี้ส์', 'โหลด', 'โต๊ะ', 'สำหรับ', 'ทาน', 'คืน', 'บ่าย', 'เงียบ', 'สงบ']"
92,วันพุธตอนกลางคืนหลังจากอาหารค่ำ,"['พุธ', 'ตอน', 'กลาง', 'คืน', 'อาหาร', 'ค่ำ']"
93,"หลังอาหารเย็นเราเดินไปตามชายหาดมือเราไปที่ตลาดกลางคืนที่เรียกว่า
มันมีสิ่งที่แตกต่างในการเลือกขนาดใหญ่ของขายรวมถึงอาหาร เสื้อผ้า รองเท้า และผลิตภัณฑ์การท่องเที่ยว
การกำหนดราคาก็ต่อตลาดล่าง
เดอะเพลงก็ทำให้คนส่วนใหญ่โดยเฉพาะอย่างยิ่งเด็กมีความสุข
มีกิจกรรมให้ทำมากมายสำหรับเด็ก ซึ่งได้รับต้องขึ้นไปเต้นบนเวที ตรงข้ามตลาดอยู่บนชายหาดก็เล่นในสวนสาธารณะ อาหารก็มีอาหารให้เลือกมากมาย และบาร์ขนาดใหญ่จำนวนมากเพื่อให้ความบันเทิงแก่ผู้ใหญ่","['อาหาร', 'เย็น', 'เดิน', 'ชาย', 'หาด', 'มือ', 'ตลาด', 'กลาง', 'คืน', 'แตกต่าง', 'เลือก', 'ขนาด', 'ขาย', 'อาหาร', 'เสื้อผ้า', 'รองเท้า', 'ผลิตภัณฑ์', 'ราคา', 'เดอะ', 'เพลง', 'ทำ', 'คน', 'เด็ก', 'กิจกรรม', 'ทำ', 'สำหรับ', 'เด็ก', 'เต้น', 'เวที', 'ตรงข้าม', 'ตลาด', 'ชาย', 'หาด', 'เล่น', 'สวน', 'สาธารณะ', 'อาหาร', 'อาหาร', 'เลือก', 'บาร์', 'ขนาด', 'จำนวน', 'บันเทิง']"
94,มันก็โอเค!,"['มันก็', 'โอเค']"
95,มันเป็นสถานที่ที่คุณสามารถตรวจสอบบางสิ่ง หรือซื้อกี่ แต่แน่นอนว่าไม่ใช่สำหรับซื้อสิ่งที่มีโลโก้ หรือชื่อแบรนด์บนนั้น มีของขายเยอะมากมี fakes,"['สถานที่', 'ตรวจสอบ', 'ซื้อ', 'กี่', 'แน่นอน', 'สำหรับ', 'ซื้อ', 'โลโก้', 'ชื่อ', 'แบรนด์', 'ขาย', 'มากมี']"
96,ดูไปชิลตลาดกลางคืน,"['ดู', 'ชิลตลาด', 'กลาง', 'คืน']"
97,"ตลาดนี้ตั้งอยู่บนถนนระหว่างซอยจอมเทียน Jomtiensaineung 08 และซอยจอมเทียน 09 และสามารถรู้จักวินด์มิลล์ป้ายขนาดใหญ่ ""jt ตลาดกลางคืน"" ฉันมาที่นี่กับเพื่อนไปตามตลาดในเดือนกันยายน 2559 โดยขึ้นรถประจำทางอยู่ด้านนอกโรงแรม [d วารี] และมาลงที่นี่ และจ่าย 10 บาท

เป็นที่พักที่ดีที่สุดตลาดกลางคืนว่าฉันไปเยือนในประเทศไทยด้วยการเต้นรำชั้นใกล้ทางเข้า และโต๊ะให้นั่งแถวขนาดใหญ่ และกินเพลงดังฝูงชนที่ยังเย็น และส่งเสียงดัง นอกจากนี้ยังมีร้านขายของที่ระลึกก็ได้ไทย กระจุกกระจิก กระเป๋า เสื้อผ้า ฯลฯ ฯ และฉันซื้อกระเป๋าสตางค์ไทยที่ 50 บาท

ความหลากหลายของอาหารไม่มาก เพราะถนนที่แตกต่างกันเพราะ Threppasit ตลาดกลางคืนมีร้านขายน้ำผลไม้กระนั้น สมูทตี้ Satays ไส้กรอกไทย ข้าวโพด ฯลฯ ฯ และพวกเขาดีรวมทั้งราคาถูกมาก","['ตลาด', 'ถนน', 'ซอยจอมเทียน', 'ซอยจอมเทียน', 'รู้จัก', 'วินด์', 'มิลล์', 'ป้าย', 'ขนาด', 'ตลาด', 'กลาง', 'คืน', 'เพื่อน', 'ตลาด', 'เดือน', 'กันยายน', 'รถ', 'ประจำ', 'โรง', 'แรม', 'วารี', 'จ่าย', 'พัก', 'ดี', 'ตลาด', 'กลาง', 'คืน', 'เยือน', 'ประเทศไทย', 'เต้นรำ', 'ชั้น', 'โต๊ะ', 'นั่ง', 'แถว', 'ขนาด', 'กิน', 'เพลง', 'ฝูง', 'ชน', 'เย็น', 'เสียง', 'ร้าน', 'ขาย', 'ระลึก', 'ไทย', 'กระจุกกระจิก', 'กระเป๋า', 'เสื้อผ้า', 'ซื้อ', 'กระเป๋า', 'สตางค์', 'ไทย', 'หลากหลาย', 'อาหาร', 'ถนน', 'แตกต่าง', 'ตลาด', 'กลาง', 'คืน', 'ร้าน', 'ขาย', 'น้ำ', 'ผลไม้', 'สมูทตี้', 'ไส้', 'กรอก', 'ไทย', 'ข้าวโพด', 'ดี', 'ราคา']"
98,พอใช้ได้สำหรับ fewbargains,"['พอใช้', 'สำหรับ']"
99,ครอบครัวของฉันและฉันไปที่นี่ในตอนเย็นพบว่ามันร้อนภายในมาก สวยมาก เพราะแผงเดียวกันทุกที่อื่น,"['ครอบครัว', 'ตอน', 'เย็น', 'ร้อน', 'สวย', 'แผง']"
100,มันน่าจะใช้เวลา,['เวลา']
101,"มีร้านอาหารหลายร้านเล็กฟู้ดคอร์ทราคาต่ำ ยังว่าด้านหน้าของตลาดกลางคืน มีสนามเด็กเล่นสำหรับเด็ก ๆ ที่ดี
เราใช้เวลาที่","['ร้าน', 'อาหาร', 'ร้าน', 'ฟู้ด', 'คอร์ทราคา', 'ต่ำ', 'หน้า', 'ตลาด', 'กลาง', 'คืน', 'สนาม', 'เด็ก', 'เล่น', 'สำหรับ', 'เด็ก', 'เวลา']"
102,อาหารอร่อยราคาถูก,"['อาหาร', 'อร่อย', 'ราคา']"
103,"ฉันทานอาหารที่นี่ตลาดกลางคืน (5 โมงเย็น ซึ่งเริ่มต้นที่) ทุกคืน เพราะฉันชอบอาหาร ปลาที่ดี หอยไข่เจียวอร่อย ก๋วยเตี๋ยวหมู และพิเศษ อร่อยมาก ว้าว!

นี่เป็นตลาดกลางคืนบรรยากาศดี เพลิดเพลินไปกับแต่ละคนข้างนอก และอาหารอื่น ๆ เด็กเต้นรำ การเล่นดนตรี ตั้งอยู่ติดชายหาด เป็นสถานที่ที่ดีจริง ๆ","['ทาน', 'อาหาร', 'ตลาด', 'กลาง', 'คืน', 'โมง', 'เย็น', 'เริ่มต้น', 'คืน', 'ชอบ', 'อาหาร', 'ปลา', 'ดี', 'หอยไข่', 'เจียว', 'อร่อย', 'ก๋วยเตี๋ยว', 'หมู', 'พิเศษ', 'อร่อย', 'ว้าว', 'ตลาด', 'กลาง', 'คืน', 'บรรยากาศ', 'ดี', 'เพลิดเพลิน', 'คน', 'อาหาร', 'เด็ก', 'เต้นรำ', 'เล่น', 'ดนตรี', 'ติด', 'ชาย', 'หาด', 'สถานที่', 'ดี']"
104,เล็ก แต่เพียงพอ,[]
105,นี่เป็นตลาดขนาดเล็ก แต่ได้มีปริมาณเพียงพอ และต่อรองราคาที่ดี และอาหารบางร้านที่น่าแวะไปหาการต่อรองราคา และเพลิดเพลินกับอาหาร และเครื่องดื่ม,"['ตลาด', 'ขนาด', 'ปริมาณ', 'ต่อรอง', 'ราคา', 'ดี', 'อาหาร', 'ร้าน', 'แวะ', 'หา', 'ต่อรอง', 'ราคา', 'เพลิดเพลิน', 'อาหาร', 'เครื่อง', 'ดื่ม']"
106,อาหารและตลาดที่น่าสนใจ,"['อาหาร', 'ตลาด', 'สนใจ']"
107,เป็นสถานที่ที่ดีที่จะใช้เวลาประมาณชั่วโมง ปกติตลาดผลิตภัณฑ์ไทย ค่าอาหารและเครื่องดื่มที่ตลาด มักจะยุ่งสวยเลยหาที่นั่ง/โต๊ะแรกไปแล้วสำหรับอาหาร และเครื่องดื่ม ตรงข้ามจากชายหาด,"['สถานที่', 'ดี', 'เวลา', 'ชั่วโมง', 'ปกติ', 'ตลาด', 'ผลิตภัณฑ์', 'ไทย', 'ค่า', 'อาหาร', 'เครื่อง', 'ดื่ม', 'ตลาด', 'ยุ่ง', 'สวย', 'หา', 'นั่ง', 'โต๊ะ', 'สำหรับ', 'อาหาร', 'เครื่อง', 'ดื่ม', 'ตรงข้าม', 'ชาย', 'หาด']"
108,วุ่นวายและมีชีวิตชีวา,"['วุ่นวาย', 'ชีวิตชีวา']"
109,ไปเที่ยวเกือบทุกวันหลังอาหารเย็น นี้ยุ่งมาก และมีชีวิตชีวา และดนตรี เครื่องดื่ม อาหารราคาถูก ผลไม้ และตลาดขายสินค้าของที่ระลึกเล็ก ๆ หลายแห่งที่ยืน เสื้อผ้า ตรงข้ามตลาด มีคอร์ทวอลเลย์บอลชายหาด คนท้องถิ่น และนักท่องเที่ยวเล่นร่วมกันที่นี่,"['เที่ยว', 'อาหาร', 'เย็น', 'ยุ่ง', 'ชีวิตชีวา', 'ดนตรี', 'เครื่อง', 'ดื่ม', 'อาหาร', 'ราคา', 'ผลไม้', 'ตลาด', 'ขาย', 'สินค้า', 'ระลึก', 'ยืน', 'เสื้อผ้า', 'ตรงข้าม', 'ตลาด', 'คอร์ท', 'วอลเลย์', 'บอล', 'ชาย', 'หาด', 'คน', 'ท้องถิ่น', 'ท่องเที่ยว', 'เล่น']"
110,ตลาดที่ดีเพื่อสัมผัสประสบการณ์ท้องถิ่นบาง,"['ตลาด', 'ดี', 'สัมผัส', 'ประสบการณ์', 'ท้องถิ่น']"
111,เราพักที่นี่เพียงบนลดลงในซันเซ็ท ซื้ออาหารพื้นเมือง และเครื่องดื่ม และนั่งอยู่บนโต๊ะ และเก้าอี้ที่ให้ไว้ มันอยากดูพระอาทิตย์ตกและ lorikeets ร้องในต้นหาด มีทุกอย่างที่นั่นอาหาร และเครื่องดื่มจากไปแม้แต่เสื้อผ้า มันเป็นตลาดกลางคืนที่ใหญ่ที่สุดในพัทยา มันอยู่ฝั่งตรงข้ามถนนจากชายหาด ฉันอยากจะแนะนำมา ของที่เป็นที่นิยมมาก และรอบ 5 . 30 pm ไปให้รับชมพระอาทิตย์ตกใน,"['พัก', 'ลด', 'ซันเซ็ท', 'ซื้อ', 'อาหาร', 'พื้นเมือง', 'เครื่อง', 'ดื่ม', 'นั่ง', 'โต๊ะ', 'เก้าอี้', 'ดู', 'พระอาทิตย์', 'ตก', 'ร้อง', 'ต้น', 'หาด', 'อาหาร', 'เครื่อง', 'ดื่ม', 'เสื้อผ้า', 'ตลาด', 'กลาง', 'คืน', 'พัทยา', 'ฝั่ง', 'ตรงข้าม', 'ถนน', 'ชายหาด', 'แนะนำ', 'นิยม', 'รอบ', 'ชม', 'พระอาทิตย์', 'ตก']"
112,ในช่วง,[]
113,ตลาดเล็ก ๆ ที่ราคาดี ให้ได้อาหารที่ดี และมีคุณภาพดี bikinis ไปสักครั้งจริง ๆ,"['ตลาด', 'ราคา', 'ดี', 'อาหาร', 'ดี', 'คุณภาพ', 'ดี', 'สัก']"
114,ชอบมัน,['ชอบ']
115,ตลาดไม่ใหญ่เกินไปจึงไม่ต้องเหนื่อยเดินไปรอบ ๆ ได้ อาหารครบวงจร ตลาดราคาถูกในความคิดของฉัน แต่คุณไม่จำเป็นต้องไปต่อรองราคาได้ ถ้าคุณต้องการ เข้าถึงได้ง่ายด้วยตุ๊กตุ๊ก,"['ตลาด', 'เหนื่อย', 'เดิน', 'รอบ', 'อาหาร', 'วงจร', 'ตลาด', 'ราคา', 'ต่อรอง', 'ราคา', 'ต้องการ', 'ตุ๊กตุ๊ก']"
116,สำหรับนักท่องเที่ยวทำให้หน่อย,"['สำหรับ', 'ท่องเที่ยว', 'ทำ']"
117,มันใช้ได้สำหรับเดินเล่นเกี่ยวกับ สามารถสนุกและได้ทานอาหารที่น่ารัก สำหรับการช้อปปิ้ง เพราะมันเป็นสิ่งที่เห็นกันทุกที่ มูลค่าการมองเห็นครั้งเดียว ถ้าคุณอยู่ในเย็นวันหนึ่งปลายหลวม,"['สำหรับ', 'เดิน', 'เล่น', 'เกี่ยว', 'สนุก', 'ทาน', 'อาหาร', 'รัก', 'สำหรับ', 'ช้อปปิ้ง', 'มูลค่า', 'เย็น', 'ปลาย', 'หลวม']"
118,อาหารดีและรู้สึกดี,"['อาหาร', 'ดี', 'รู้สึก', 'ดี']"
119,ริมชายหาดบนถนนชายหาดพร้อมครึ่งทาง (ก่อนซอยจอมเทียน 9 มาจากมุม) ของไฟ และเสียงจำนวนมากดังนั้นคุณจึงสามารถมิสทีมัน จากโฮลดิ้งบ่ายแก่ ๆ เด็กและพื้นที่หน้าตามปกติเป็นจำนวนมาก การตลาดรายการ แผงอาหารริมถนน และบางที่ดีมาก ที่เป็นที่นิยม และพลุกพล่านใน และนอกฤดู สะดวกต่อการเดินทางโดยรถประจำทางจากหาดจอมเทียนของทั้งสองจบลง ควรค่าแก่การเยี่ยมชม,"['ริม', 'ชายหาด', 'ถนน', 'ชาย', 'หาด', 'ครึ่ง', 'ซอยจอมเทียน', 'มุม', 'ไฟ', 'เสียง', 'จำนวน', 'มิส', 'โฮลดิ้งบ่าย', 'เด็ก', 'พื้นที่', 'หน้า', 'ตา', 'ม', 'ปกติ', 'จำนวน', 'ตลาด', 'รายการ', 'แผง', 'อาหาร', 'ริม', 'ถนน', 'ดี', 'นิยม', 'พลุกพล่าน', 'ฤดู', 'สะดวก', 'เดินทาง', 'รถ', 'ประจำ', 'หาดจอมเทียน', 'สอง', 'จบ', 'ค่า', 'เยี่ยมชม']"
120,ตลาดกลางคืน,"['ตลาด', 'กลาง', 'คืน']"
121,ตั้งอยู่ที่ซอย 9 ถนนหาดจอมเทียนใกล้ เสื้อผ้าและร้านอาหารมากมาย เปิดตอน 5 โมงเย็นทุกวัน มีอาหารทะเลทุกที่ที่ดีราคาดี มีการเล่นดนตรีที่ด้านหน้า เหมาะสำหรับไปเดินเล่น และทานอาหาร และเครื่องดื่ม,"['ซอย', 'ถนนหาดจอมเทียน', 'เสื้อผ้า', 'ร้าน', 'อาหาร', 'ตอน', 'โมง', 'เย็น', 'อาหาร', 'ทะเล', 'ดี', 'ราคา', 'ดี', 'เล่น', 'ดนตรี', 'หน้า', 'เหมาะ', 'สำหรับ', 'เดิน', 'เล่น', 'ทาน', 'อาหาร', 'เครื่อง', 'ดื่ม']"
122,จอมเทียนประสบการณ์อาหาร - สนุกมาก คุ้มค่า,"['จอมเทียน', 'ประสบการณ์', 'อาหาร', 'สนุก', 'คุ้ม', 'ค่า']"
123,"เดอะ jt NightMarkets มีสถานที่สำหรับการชุมนุมที่วุ่นวาย (อักษร) ยุโรปในจอมเทียนอยู่ทุกวินาที

ลิ้มลองอาหารรสเลิศที่สดใหม่จากแผงขาย และเพลิดเพลินกับอาหารมื้ออร่อยสำหรับสองสามเท่าของดอลลาร์ ที่แน่นอนเดียวกันร้านอาหารที่ด้านใดด้านหนึ่งจะเสียค่าใช้จ่ายถึง 4 ครั้งมากที่ 3

มีที่นั่งเยอะมาก สด และผลไม้ และผลิตมี

เดอะ ""ดิสโก้"" ด้านหน้าเป็นรสนิยมบิต - หูรวมทั้งความรู้ bunches มักจะมีคนให้กำลังใจของตน และเต้นรำสำหรับเด็กไปโพสรูปถ่าย นิดหน่อย แต่มันสนุกอีกครั้ง :)

มีหลายแห่งตามปกติร้านขายเสื้อผ้าตลาด และสินค้าที่หลีกเลี่ยง knockoff เสื้อผ้าราคาค่อนข้างดี และถูกกว่าหลาย ๆ ที่","['เดอะ', 'สถานที่', 'สำหรับ', 'ชุมนุม', 'วุ่นวาย', 'อักษร', 'ยุโรป', 'จอม', 'เทียน', 'ลิ้มลอง', 'อาหาร', 'รสเลิศ', 'สดใหม่', 'แผง', 'ขาย', 'เพลิดเพลิน', 'อาหาร', 'มื้อ', 'อร่อย', 'สำหรับ', 'สองสาม', 'ดอลลาร์', 'แน่นอน', 'ร้าน', 'อาหาร', 'ใด', 'ค่า', 'ใช้จ่าย', 'นั่ง', 'สด', 'ผลไม้', 'ผลิต', 'เดอะ', 'ดิสโก้', 'หน้า', 'รสนิยม', 'บิต', 'หู', 'รู้', 'คน', 'กำลังใจ', 'เต้นรำ', 'สำหรับ', 'เด็ก', 'โพส', 'รูป', 'ถ่าย', 'สนุก', 'ปกติ', 'ร้าน', 'ขาย', 'เสื้อผ้า', 'ตลาด', 'สินค้า', 'หลีกเลี่ยง', 'เสื้อผ้า', 'ราคา', 'ดี']"
124,ตลาดที่ดี,"['ตลาด', 'ที่ดี']"
125,ฉันอาศัยอยู่ใกล้มาก ๆ กับหาดจอมเทียน และตลาดที่ฉันชอบที่จะไปที่นั่นตอนเย็น อาหารให้เลือกมากมาย และราคาดีมาก มีของกินและเครื่องดื่มค็อกเทลที่บาร์เล็ก ๆ ด้วยเช่น กัน คุณสามารถซื้อเสื้อผ้า และสินค้าอื่น ๆ อีกมากมาย คนไทยส่วนมากพูดภาษาอังกฤษเล็ก ๆ น้อย ๆ ง่ายมากได้ในสิ่งที่คุณต้องการ,"['อาศัย', 'หาด', 'จอมเทียน', 'ตลาด', 'ชอบ', 'ตอน', 'เย็น', 'อาหาร', 'เลือก', 'ราคา', 'ดี', 'กิน', 'เครื่อง', 'ดื่ม', 'ค็อกเทล', 'บาร์', 'ซื้อ', 'เสื้อผ้า', 'สินค้า', 'คน', 'ไทย', 'ภาษา', 'อังกฤษ', 'ต้องการ']"
126,การใช้จ่ายเงินที่นี่ไม่มีปัญหา,"['ใช้จ่าย', 'เงิน', 'ปัญหา']"
127,เสื้อผ้าและอาหารมากมาย ถ้าคุณชอบของ Litelbit electronik ว่า ราคา aboute เป็นเหมือนกับทุกร้านค้าอื่น ๆ อีกรอบที่นี่ แต่ที่นี่มีให้คุณทุกอย่างอยู่ในบริเวณเดียวกัน,"['เสื้อผ้า', 'อาหาร', 'ชอบ', 'ราคา', 'เหมือน', 'ร้าน', 'ค้า', 'รอบ', 'บริเวณ']"
128,ขายของจำนวนมาก,"['ขาย', 'จำนวน']"
129,"ร้านขายเสื้อผ้าหลากหลายดี อุปกรณ์อาบน้ำ ภาพ กระเป๋า ผลไม้แห้ง และเครื่องเทศ หอม Tshirts ซีดี & dvd น่ารัก และอาหารคาวหวาน และเผ็ดรวมทั้งขายเบียร์ และเครื่องดื่มไม่กี่

ควรค่าแก่การเยี่ยมชม","['ร้าน', 'ขาย', 'เสื้อผ้า', 'หลากหลาย', 'ดี', 'อุปกรณ์', 'อาบน้ำ', 'ภาพ', 'กระเป๋า', 'ผลไม้', 'แห้ง', 'เครื่อง', 'เทศ', 'หอม', 'ซีดี', 'รัก', 'อาหาร', 'คาวหวาน', 'เผ็ด', 'ขาย', 'เบียร์', 'เครื่อง', 'ดื่ม', 'ค่า', 'เยี่ยมชม']"
130,จอมเทียนดีความบันเทิง,"['จอมเทียน', 'ดี', 'บันเทิง']"
131,"จอมเทียนบริเวณพัทยาค่อนข้างเงียบกว่ากว่า สถานบันเทิงยามค่ำคืนของถนนเลียบชายหาด ซึ่งเป็นสิ่งที่เกิดขึ้นไม่ใช่ เพราะส่วนใหญ่ของพื้นที่เป็นหลักรีสอร์ท

แต่ หาดจอมเทียนไปยังตลาดกลางคืนที่นี่เป็นข้อยกเว้น ตั้งอยู่บนถนนเลียบชายหาด ตลาดแห่งนี้เป็นที่พักที่ดี และราคาถูกสำหรับบริษัท นวดดี อาหาร และเครื่องดื่มที่ดีโดยรวม และความบันเทิงทางเลือก

ทำให้มั่นใจได้ว่าพวกเขามีที่นี่มีทุกสิ่งสำหรับทุกคน","['จอมเทียน', 'บริเวณ', 'พัทยา', 'เงียบ', 'สถาน', 'บันเทิง', 'ยาม', 'ค่ำคืน', 'ถนน', 'เลียบ', 'ชาย', 'หาด', 'พื้นที่', 'หลัก', 'หาด', 'จอมเทียน', 'ตลาด', 'กลาง', 'คืน', 'ข้อ', 'ยกเว้น', 'ถนน', 'เลียบ', 'ชาย', 'หาด', 'ตลาด', 'พัก', 'ดี', 'ราคา', 'สำหรับ', 'อาหาร', 'เครื่อง', 'ดื่ม', 'ดี', 'บันเทิงทาง', 'ทำ', 'มั่นใจ', 'สำหรับ', 'คน']"
132,บรรยากาศดี แต่เนื้อหา,"['บรรยากาศ', 'ดี', 'เนื้อหา']"
133,"หากคุณกำลังมองหาประสบการณ์แบบไทยแท้ แล้วที่นี่ไม่ใช่สถานที่ มีตัวเลือกทั้งอาหารไทย แต่ที่ฉันประทับใจมากที่สุดก็คือการตอบสนองของอาหารตะวันตก pallets ต้องบอกว่า ตลาดตั้งอยู่ในทำเลที่เหมาะสม และเป็นส่วนหนึ่งของพัทยาว่าจะดึงดูดคู่รัก และครอบครัว ซึ่งเป็นจุดที่ดี
ยัง มีที่นั่งเล่น ดังนั้นมันจึงเป็นไปได้ไปซื้อที่ร้านขายอาหารต่าง ๆ เครื่องดื่มอีก และอาหารแล้วมีด้วยการเลือกอาหารที่คุณเลือก
ไม่เลวเลย แต่ส่วนใหญ่นักท่องเที่ยวที่ดั้นด้นไปโดยกล่าวว่า","['หา', 'ประสบการณ์', 'ไทย', 'สถานที่', 'ตัว', 'เลือก', 'อาหาร', 'ไทย', 'ประทับใจ', 'ตอบสนอง', 'อาหาร', 'ตะวัน', 'ตก', 'ตลาด', 'ทำเล', 'เหมาะสม', 'พัทยา', 'ดึงดูด', 'คู่', 'รัก', 'ครอบครัว', 'จุด', 'นั่ง', 'เล่น', 'ซื้อ', 'ร้าน', 'ขาย', 'อาหาร', 'เครื่อง', 'ดื่ม', 'อาหาร', 'เลือก', 'อาหาร', 'เลว', 'ท่องเที่ยว', 'ดั้น', 'ด้น']"
134,ตลาดขนาดเล็ก,"['ตลาด', 'ขนาด']"
135,"ที่นี่เป็นสถานที่ที่ดีแห่งหนึ่งเพื่อใช้เวลาตอนเย็นที่คุณสามารถเพลิดเพลินกับอาหารมื้อค่ำของคุณด้วยอาหารริมถนน เครื่องดื่มและผลไม้
คุณสามารถซื้อของที่ระลึกจากที่นี่ แต่ดูเหมือนว่ายังราคาสูงนิดหน่อย ไม่ใหญ่และไม่แออัดเช่น เซ็นทรัลพัทยา","['สถานที่', 'ดี', 'เวลา', 'ตอน', 'เย็น', 'เพลิดเพลิน', 'อาหาร', 'มื้อ', 'ค่ำ', 'อาหาร', 'ริม', 'ถนน', 'เครื่อง', 'ดื่ม', 'ซื้อ', 'ระลึก', 'ดู', 'เหมือน', 'ราคา', 'แออัด', 'เซ็นทรัลพัทยา']"
136,แฮงค์เอ้าท์ที่ดี,"['แฮงค์เอ้าท์', 'ดี']"
137,หาดจอมเทียนเป็นตลาดกลางคืนมากที่เกิดขึ้น มีผู้คนมากมายนักท่องเที่ยวส่วนใหญ่กินดื่ม และ มีร้านอาหารหลายร้านขายอาหารผลไม้ น้ำผลไม้ และอาหารทะเลที่สดใหม่ ไม่จำกัดตัวเลือกสำหรับการช้อปปิ้งเสื้อผ้า เครื่องสำอางค์ รองเท้า กระเป๋า ฯลฯ ฯ และบางแห่งก็ไม่มองเช่น เคาะ offs; ขอแนะนำให้คุณตรวจสอบก่อนซื้อครอสใด ๆ มีดนตรีดีเจล่าสุดให้คนหัวเราะ เพราะเด็ก chartbusters และเต้นรำ ทั้งสถานที่บรรยากาศมันเป็นจังหวะไป,"['หาดจอมเทียน', 'ตลาด', 'กลาง', 'คืน', 'ผู้คน', 'ท่องเที่ยว', 'กิน', 'ดื่ม', 'ร้าน', 'อาหาร', 'ร้าน', 'ขาย', 'อาหาร', 'ผลไม้', 'น้ำ', 'ผลไม้', 'อาหาร', 'ทะเล', 'สดใหม่', 'จำกัด', 'ตัว', 'เลือก', 'สำหรับ', 'ช้อปปิ้ง', 'เสื้อผ้า', 'เครื่อง', 'สำอางค์', 'รองเท้า', 'กระเป๋า', 'เคาะ', 'แนะนำ', 'ตรวจสอบ', 'ซื้อ', 'ครอส', 'ใด', 'ดนตรี', 'ดีเจล่า', 'คน', 'หัวเราะ', 'เด็ก', 'เต้นรำ', 'สถานที่', 'บรรยากาศ', 'จังหวะ']"
138,ดีตอนเย็น,"['ดี', 'ตอน', 'เย็น']"
139,หลังจากวันที่ร้อนอบอ้าวบนชายหาด มันจอมเทียนดีไปยังตลาดกลางคืน มีอาหารไทยริมถนน ตัวเล็ก ๆ ร้านอาหาร และแผงขายเสื้อผ้า และของที่ระลึกขนาดเล็ก บรรยากาศที่ผ่อนคลาย ดีสำหรับครอบครัว,"['ร้อน', 'อบอ้าว', 'ชาย', 'หาด', 'จอมเทียน', 'ดี', 'ตลาด', 'กลาง', 'คืน', 'อาหาร', 'ไทย', 'ริม', 'ถนน', 'ตัว', 'ร้าน', 'อาหาร', 'แผง', 'ขาย', 'เสื้อผ้า', 'ระลึก', 'ขนาด', 'บรรยากาศ', 'ผ่อนคลาย', 'ดี', 'สำหรับ', 'ครอบครัว']"
140,ตลาดเล็กๆที่น่ารื่นรมย์,"['ตลาด', 'รื่นรมย์']"
141,เราไปพักที่นี่หนึ่งคืนสำหรับสิ่งที่ต้องทำ และเรารู้สึกประหลาดใจ อยู่ริมหาดเลย และมีลมพัดค่อนข้างเย็น ทุกแผงขายอาหารมองที่ดีจริงๆ และคุณสามารถนั่งที่โต๊ะทานอาหาร และเครื่องดื่ม ราคาดีจริงๆ และฉันไม่ได้ต่อรองราคารำคาญสำหรับพวกเขา เพราะฉันรู้สึกว่าราคายุติธรรม สถานที่ที่เหมาะกับคนดู และมีอาหารค่ำ,"['พัก', 'คืน', 'สำหรับ', 'ทำ', 'รู้สึก', 'ประหลาดใจ', 'ริม', 'หาด', 'ลม', 'พัด', 'เย็น', 'แผง', 'ขาย', 'อาหาร', 'ดี', 'นั่ง', 'โต๊ะ', 'ทาน', 'อาหาร', 'เครื่อง', 'ดื่ม', 'ราคา', 'ดี', 'ต่อรอง', 'ราคา', 'รำคาญ', 'สำหรับ', 'รู้สึก', 'ราคา', 'ยุติธรรม', 'สถานที่', 'เหมาะ', 'คน', 'ดู', 'อาหาร', 'ค่ำ']"
142,มีทุกอย่าง,[]
143,เคยไปสองสามครั้ง และก็ไม่ผิดหวัง แฟนของฉันเลือกออกจำหน่ายหลายรายการ มีทุกอย่างตั้งแต่เสื้อผ้ากระเป๋ารองเท้าไป การกำหนดราคาที่ดีทั่วไปตลาดกลางคืน และรู้สึกดีกับสถานที่ อาหารที่เป็นบวกต่อสถานที่ที่ชัดเจน ผมไม่เคยไปเยือนอีกตลาดกลางคืนที่นี่ดังนั้นฉันจึงไม่สามารถเปรียบเทียบ แต่ฉันขอแนะนำให้มาที่นี่,"['สองสาม', 'หวัง', 'แฟน', 'เลือก', 'จำหน่าย', 'รายการ', 'เสื้อผ้า', 'กระเป๋า', 'รองเท้า', 'ราคา', 'ดี', 'ทั่วไป', 'ตลาด', 'กลาง', 'คืน', 'รู้สึก', 'ดี', 'สถานที่', 'อาหาร', 'บวก', 'สถานที่', 'ชัดเจน', 'ผม', 'เยือน', 'ตลาด', 'กลาง', 'คืน', 'เปรียบเทียบ', 'แนะนำ']"
